City,Market Score,Annual Revenue,Occupancy Rate,Average Daily Rate,Seasonality,Rank
Verdelot,91,40400,43.0,339.2,91,1
Villemer,59,56500,73.0,378.4,37,2
Saint Martin En Biere,91,43000,62.0,342.4,17,3
Acheres La Foret,94,31900,52.0,312.7,69,4
Paris,98,18800,59.0,268.3,91,5
Cerny,79,53300,42.0,489.2,1,6
Serris,96,27400,61.0,180.9,56,7
Neuilly Sur Seine,96,12000,50.0,348.7,89,8
Malakoff,99,10500,55.0,184.7,96,9
Vanves,99,11100,54.0,186.8,94,10
Chessy,93,25900,57.0,201.7,49,11
Meudon,97,10100,51.0,231.5,89,12
Villeneuve Le Comte,81,36100,53.0,255.9,35,13
Montrouge,97,8800,56.0,170.3,91,14
Levallois Perret,97,9200,50.0,203.2,95,15
Vincennes,93,10500,58.0,168.3,85,16
Les Lilas,95,7500,54.0,172.9,98,17
Saint Ouen,96,9000,54.0,192.4,81,18
Coupvray,95,15400,47.0,177.4,82,19
Gentilly,98,10700,52.0,149.0,82,20
Le Pre Saint Gervais,96,6800,56.0,160.4,83,21
Bailly Romainvilliers,93,22500,46.0,252.5,42,22
Charenton Le Pont,94,8800,54.0,161.5,85,23
Palaiseau,99,7400,51.0,121.8,87,24
Montreuil,94,6700,53.0,153.8,91,25
Le Kremlin Bicetre,93,9700,52.0,143.4,86,26
Magny Les Hameaux,92,9000,48.0,170.9,93,27
Asnieres Sur Seine,93,7100,50.0,187.7,86,28
Arcueil,94,9500,53.0,144.4,76,29
Boissise Le Roi,90,15800,54.0,428.4,3,30
Les Pavillons Sous Bois,99,6200,47.0,140.6,88,31
Pantin,94,6600,52.0,158.6,84,32
Montevrain,89,17600,57.0,149.1,49,33
Boulogne Billancourt,85,9100,50.0,269.2,82,34
Bagnolet,92,7700,53.0,163.3,81,35
Saint Gratien,97,6300,43.0,205.1,87,36
Saint Mande,90,9300,51.0,198.6,78,37
Clichy,92,8300,52.0,170.1,77,38
Issy Les Moulineaux,86,9500,53.0,223.9,76,39
Crecy La Chapelle,91,14600,44.0,162.9,79,40
Ivry Sur Seine,92,8300,50.0,147.0,81,41
Lognes,95,11000,50.0,116.8,68,42
Orsay,98,5600,49.0,101.6,83,43
Houilles,93,8000,49.0,193.1,68,44
Suresnes,84,8300,47.0,216.7,93,45
Torcy,94,9100,50.0,165.7,63,46
Rosny Sous Bois,92,5900,50.0,132.4,86,47
Saint Germain Sur Morin,86,11600,57.0,124.0,68,48
Nanterre,88,7000,48.0,182.9,88,49
Cachan,85,8600,52.0,156.5,86,50
Viry Chatillon,98,5900,49.0,92.3,78,51
Sucy En Brie,90,8900,45.0,187.4,80,52
Villennes Sur Seine,85,10000,46.0,239.8,76,53
Vitry Sur Seine,92,7500,47.0,126.2,85,54
Puteaux,83,8700,49.0,198.9,86,55
La Chapelle La Reine,84,24200,49.0,306.9,6,56
Maisons Alfort,90,6800,47.0,138.8,89,57
Nanteuil Les Meaux,94,6800,54.0,113.0,65,58
Dannemois,85,16700,48.0,281.5,34,59
Athis Mons,96,6300,47.0,110.6,76,60
Gometz La Ville,94,5800,50.0,145.8,67,61
Fontainebleau,90,7500,50.0,138.7,74,62
Versailles,84,11100,50.0,260.4,53,63
Quincy Voisins,92,15400,52.0,139.0,33,64
Bussy Saint Georges,88,11900,52.0,132.9,58,65
Courbevoie,83,7700,49.0,190.9,82,66
Perthes,100,9900,43.0,101.0,58,67
Mantes La Jolie,93,5700,42.0,85.0,98,68
Rambouillet,89,7000,49.0,110.5,82,69
Chailly En Biere,84,16900,46.0,194.8,50,70
Cergy,96,4700,44.0,113.9,79,71
Montereau Fault Yonne,98,5800,40.0,86.2,85,72
Villepinte,90,8000,43.0,125.3,85,73
Le Mesnil Amelot,90,9100,55.0,95.3,57,74
Saint Germain En Laye,84,7800,49.0,170.4,77,75
Larchant,80,17800,41.0,144.3,79,76
Villiers Sur Orge,90,9700,62.0,252.7,2,77
Fontenay Aux Roses,87,5800,50.0,135.9,79,78
Wissous,94,7400,53.0,179.7,36,79
Romainville,86,6200,50.0,145.4,78,80
Orvanne,92,10500,40.0,142.2,70,81
Chambly,84,15100,33.0,193.3,84,82
Conflans Sainte Honorine,83,6600,46.0,130.0,97,83
Bretigny Sur Orge,92,6000,41.0,83.2,94,84
Nogent Sur Marne,83,6300,46.0,171.6,88,85
Champlan,98,8700,46.0,98.5,50,86
Longjumeau,89,5900,46.0,92.4,87,87
Guerard,93,9000,44.0,139.8,59,88
Mennecy,92,8500,44.0,126.5,65,89
Villabe,98,11500,44.0,147.4,31,90
Veneux Les Sablons,93,12600,46.0,118.3,42,91
Chatillon,77,7700,51.0,171.7,80,92
Evry,91,5400,42.0,87.4,87,93
Gargenville,91,6700,49.0,112.5,59,94
Villemomble,86,6300,42.0,138.0,87,95
Soisy Sur Ecole,93,7600,58.0,75.5,34,96
Acheres,96,5200,43.0,104.9,65,97
Bourg La Reine,83,6100,50.0,156.6,70,98
Massy,81,6800,47.0,120.5,88,99
Bois Le Roi,88,8400,48.0,146.1,53,100
Vaux Le Penil,85,8300,46.0,108.6,75,101
Villejuif,83,7200,48.0,139.3,73,102
Raizeux,69,23500,46.0,409.3,5,103
Le Plessis Bouchard,92,5600,60.0,144.9,20,104
Chalifert,64,23000,54.0,196.1,46,105
Esbly,88,9100,43.0,131.0,65,106
Saint Augustin,79,21500,41.0,338.1,8,107
Vaureal,84,10500,40.0,152.7,73,108
Bois Colombes,77,6700,48.0,216.7,73,109
Chavenay,73,18500,39.0,455.3,16,110
Saint Pierre Les Nemours,73,20400,37.0,196.4,69,111
Buc,65,9100,54.0,286.2,70,112
Moisenay,75,14200,40.0,153.2,86,113
Mareil Sur Mauldre,86,7900,50.0,166.8,47,114
Saint Denis,77,8000,46.0,193.1,77,115
Marcoussis,77,11300,46.0,171.9,70,116
Villenoy,93,7700,48.0,130.1,39,117
Villeneuve Sous Dammartin,98,9200,39.0,121.7,43,118
Saint Remy L Honore,70,15600,51.0,399.6,13,119
Sarcelles,86,4100,41.0,118.8,90,120
L Ile Saint Denis,79,6500,43.0,242.8,71,121
Saint Illiers La Ville,95,7400,38.0,192.3,44,122
Antony,81,6900,47.0,142.3,74,123
Rungis,88,7300,49.0,93.4,57,124
Le Mee Sur Seine,98,4900,46.0,80.5,46,125
Dampmart,83,10100,56.0,174.2,27,126
La Garenne Colombes,77,7400,47.0,159.1,79,127
Melun,84,6900,45.0,95.6,78,128
Voulx,74,26700,44.0,289.8,0,129
Choisy Le Roi,84,5800,44.0,113.6,80,130
Neuilly Sur Marne,80,6800,43.0,130.4,86,131
Bagneux,76,10600,50.0,171.9,57,132
Aubervilliers,78,6700,48.0,146.2,75,133
Gif Sur Yvette,90,8200,50.0,215.9,12,134
Epone,98,6500,50.0,116.5,14,135
Creteil,77,6000,47.0,130.0,81,136
Hermeray,80,16500,42.0,328.8,6,137
Osny,84,6000,48.0,90.1,65,138
Parmain,71,21100,37.0,444.1,3,139
Colombes,73,5800,46.0,213.8,76,140
Saint Maurice,83,7100,47.0,166.8,49,141
Drancy,83,5200,41.0,131.5,78,142
Saint Cloud,70,7600,47.0,256.8,66,143
Neuilly Plaisance,75,7900,50.0,151.0,64,144
Louvres,85,7400,49.0,104.4,48,145
Voulangis,84,15500,50.0,119.5,17,146
Courgent,25,24500,36.0,929.8,23,147
Souppes Sur Loing,92,14500,30.0,174.1,34,148
Rueil Malmaison,72,7100,47.0,206.9,67,149
Varennes Sur Seine,92,8900,42.0,119.2,31,150
Ville D Avray,63,9100,54.0,234.0,61,151
Corbeil Essonnes,81,4500,39.0,103.3,88,152
Sevran,84,5300,37.0,137.2,74,153
Magny Le Hongre,65,16500,49.0,188.2,50,154
Mere,90,6800,41.0,163.9,35,155
Montlhery,84,3600,42.0,82.8,77,156
Provins,82,10100,38.0,124.9,61,157
Meaux,77,6400,41.0,105.4,85,158
Chilly Mazarin,79,4700,40.0,106.3,87,159
Magny En Vexin,80,15400,49.0,157.0,13,160
Villiers Sur Marne,79,6900,46.0,143.5,55,161
Moussy Le Neuf,72,11900,58.0,159.6,23,162
Saints,67,21600,46.0,197.8,26,163
Septeuil,85,6500,47.0,300.7,0,164
Poligny,66,12500,48.0,196.6,54,165
Limeil Brevannes,80,5600,47.0,115.8,56,166
Mormant,84,4800,43.0,80.4,64,167
Alfortville,69,6700,48.0,142.4,75,168
Othis,62,7500,42.0,246.2,86,169
Dammarie Les Lys,78,4800,41.0,86.0,84,170
Sannois,79,5800,42.0,176.3,56,171
Le Blanc Mesnil,74,6000,39.0,143.5,84,172
Noisy Sur Ecole,70,13900,50.0,141.5,41,173
Grez Sur Loing,66,12700,44.0,425.5,12,174
Saint Fargeau Ponthierry,65,13100,38.0,194.6,77,175
Arbonne La Foret,67,18000,54.0,158.3,20,176
Bievres,76,11100,45.0,219.0,27,177
Limetz Villez,75,13900,50.0,176.9,16,178
L Hay Les Roses,70,6100,48.0,149.9,68,179
Barbizon,54,26900,40.0,313.5,28,180
Pontoise,79,5200,44.0,110.7,62,181
Samoreau,82,7700,50.0,121.8,27,182
Juvisy Sur Orge,66,6300,48.0,128.5,82,183
Nerville La Foret,92,4700,34.0,123.7,47,184
Chartrettes,82,10100,43.0,161.4,27,185
Le Vesinet,66,8700,47.0,339.3,30,186
Fresnes,72,5100,49.0,109.1,68,187
La Courneuve,69,6200,45.0,128.3,79,188
Bonnelles,65,21200,48.0,266.1,2,189
Enghien Les Bains,71,6500,43.0,168.0,67,190
Mitry Mory,69,7000,47.0,119.5,71,191
Beynes,65,11800,59.0,221.6,14,192
Bobigny,73,4900,40.0,108.0,86,193
Bondoufle,92,4400,42.0,129.9,22,194
Epinay Sur Orge,66,5600,49.0,117.4,79,195
Boissy Sous Saint Yon,62,21500,43.0,266.0,19,196
Linas,76,5300,48.0,103.7,55,197
Franconville,76,4100,44.0,110.1,67,198
Ozoir La Ferriere,68,8700,46.0,149.7,61,199
Garges Les Gonesse,80,6200,39.0,119.1,58,200
Les Breviaires,89,6100,30.0,191.3,39,201
Fontenay Sous Bois,68,7100,48.0,172.0,56,202
Dammartin Sur Tigeaux,85,12200,41.0,128.1,15,203
Noisy Le Sec,69,4800,46.0,130.3,74,204
Les Clayes Sous Bois,74,3500,38.0,146.3,79,205
Sartrouville,70,5100,44.0,127.2,74,206
Villecerf,33,33100,32.0,663.2,2,207
Gagny,73,6300,45.0,133.8,56,208
Ferrieres En Brie,75,9100,51.0,149.3,22,209
Montry,65,10100,48.0,127.6,60,210
Les Molieres,31,31700,69.0,256.7,4,211
Le Pecq,63,5000,44.0,171.4,82,212
Brie Comte Robert,63,5500,44.0,118.0,91,213
Vert Le Grand,75,11100,46.0,93.7,36,214
Limours,84,9900,41.0,129.0,18,215
Chanteloup En Brie,64,12200,53.0,164.1,31,216
Chatou,59,8200,44.0,263.4,59,217
Lagny Sur Marne,64,8200,44.0,143.7,69,218
Gonesse,63,7900,47.0,119.4,69,219
Groslay,72,9700,42.0,143.4,41,220
Le Plessis Luzarches,71,12300,54.0,145.0,3,221
Neuville Sur Oise,69,6100,50.0,90.0,52,222
Livry Gargan,66,5100,38.0,136.6,84,223
Jouy En Josas,58,7600,42.0,195.0,76,224
Le Chatelet En Brie,20,42600,50.0,371.1,9,225
Aulnay Sous Bois,65,7200,43.0,145.5,64,226
Thoury Ferottes,72,10600,53.0,169.6,1,227
Poissy,73,5700,45.0,122.4,45,228
Joinville Le Pont,63,6900,48.0,182.5,50,229
Sevres,53,7800,52.0,258.6,49,230
Savigny Sur Orge,66,4600,45.0,101.8,71,231
Le Plessis Robinson,64,7600,49.0,151.2,46,232
Etampes,67,3900,44.0,71.8,79,233
Chatenay Malabry,64,4800,46.0,153.8,61,234
Emerainville,77,7100,49.0,164.1,5,235
Coulommiers,70,5600,38.0,118.0,67,236
Ury,64,17300,45.0,217.7,5,237
Stains,64,4800,34.0,161.1,87,238
Moussy Le Vieux,63,7600,53.0,99.8,45,239
Villeneuve Saint Denis,69,9900,51.0,151.0,13,240
Noisiel,68,5100,47.0,130.2,46,241
Vauhallan,58,6600,42.0,461.6,11,242
La Roche Guyon,51,18000,36.0,212.9,59,243
Mezieres Sur Seine,65,7400,35.0,113.2,78,244
Le Pin,62,10200,49.0,84.2,48,245
La Queue En Brie,68,6900,44.0,326.5,3,246
Le Perreux Sur Marne,58,6100,42.0,179.8,70,247
Saint Mammes,56,9400,52.0,110.7,53,248
Chennevieres Sur Marne,55,13000,45.0,188.1,43,249
Villiers Sous Grez,45,19800,44.0,211.4,46,250
Clamart,54,7600,48.0,186.5,55,251
Saulx Les Chartreux,63,5800,46.0,127.3,52,252
Savigny Le Temple,84,5400,35.0,95.3,26,253
Saint Michel Sur Orge,78,8500,43.0,128.4,5,254
Fayence,38,12200,78.0,120.5,23,255
Saint Arnoult En Yvelines,67,19800,38.0,162.0,3,256
La Chapelle Moutils,39,22900,51.0,306.9,10,257
Saint Martin La Garenne,43,26700,37.0,229.9,36,258
Gennevilliers,54,5400,46.0,153.4,71,259
Le Vaudoue,47,14600,52.0,148.4,45,260
Les Essarts Le Roi,51,5400,44.0,150.3,84,261
Episy,59,13400,46.0,180.6,21,262
Avon,65,6400,45.0,93.8,47,263
Lesigny,61,11600,44.0,226.9,15,264
Saclay,51,7000,60.0,141.6,37,265
Chevrainvilliers,30,26500,39.0,410.9,27,266
Pierrefitte Sur Seine,55,5200,41.0,121.9,83,267
Chatillon La Borde,0,36400,78.0,265.4,12,268
Garches,44,10700,49.0,296.8,38,269
Arpajon,53,6300,46.0,91.7,77,270
Asnieres Sur Oise,61,7600,48.0,113.2,39,271
Morangis,68,6500,41.0,120.9,38,272
Villemoisson Sur Orge,67,7500,47.0,183.9,9,273
Carrieres Sur Seine,51,6400,45.0,168.8,68,274
Carrieres Sous Poissy,66,4100,37.0,101.5,66,275
Samois Sur Seine,58,10200,49.0,121.2,33,276
Chauconin Neufmontiers,68,5600,43.0,182.4,21,277
Saint Remy Les Chevreuse,49,7500,42.0,175.9,74,278
Velizy Villacoublay,59,6700,46.0,167.4,39,279
Chaumes En Brie,68,10400,45.0,148.4,6,280
Dourdan,71,9200,45.0,121.4,7,281
Leuville Sur Orge,57,7900,46.0,95.5,55,282
Fleury En Biere,59,10900,40.0,259.5,19,283
Misy Sur Yonne,60,14400,41.0,136.7,27,284
Vernon,56,4500,49.0,171.9,44,285
Montfort L Amaury,65,10300,39.0,243.0,7,286
Les Loges En Josas,14,9600,73.0,568.5,5,287
Chaville,50,6700,49.0,191.4,49,288
L Isle Adam,51,10000,40.0,225.1,48,289
Moissy Cramayel,61,7400,43.0,86.1,49,290
Noisy Le Grand,56,6400,45.0,140.2,50,291
Moigny Sur Ecole,58,11900,41.0,158.7,30,292
Les Mureaux,61,3900,39.0,100.8,66,293
Favieres,58,9400,50.0,127.9,22,294
Bures Sur Yvette,62,6700,43.0,170.7,28,295
Villepreux,39,4900,53.0,178.7,75,296
Auvers Sur Oise,53,10200,46.0,160.3,36,297
Mareil Marly,39,14700,42.0,289.9,44,298
Bouffemont,25,37000,35.0,390.3,3,299
Thieux,73,7500,39.0,103.9,13,300
Fontenay Le Fleury,67,3700,43.0,172.5,19,301
Bondy,55,4700,42.0,95.8,69,302
Itteville,73,7500,36.0,115.3,17,303
Montgeron,51,7300,40.0,144.0,66,304
Thiais,61,4200,40.0,112.0,53,305
Isles Les Villenoy,58,8200,48.0,108.1,28,306
La Celle Saint Cloud,35,8400,48.0,358.6,42,307
Champs Sur Marne,51,8100,46.0,144.4,46,308
Pommeuse,48,7500,43.0,120.9,69,309
Claye Souilly,56,6700,46.0,152.7,34,310
Croissy Beaubourg,60,9600,44.0,208.0,5,311
Collegien,41,11800,47.0,246.1,37,312
La Houssaye En Brie,37,22100,38.0,266.3,31,313
Le Raincy,58,5400,40.0,158.7,44,314
Ennery,32,10200,58.0,390.2,9,315
Bailly,11,26600,49.0,492.3,14,316
Plaisir,50,5600,47.0,177.7,43,317
Bransles,43,16000,30.0,228.7,58,318
Villeneuve Le Roi,61,4700,38.0,115.4,45,319
Sceaux,48,7200,46.0,186.5,39,320
Poigny La Foret,39,18900,41.0,310.0,11,321
Mouroux,73,4700,32.0,115.0,24,322
Baillet En France,57,2800,59.0,140.0,4,323
Nemours,56,7100,45.0,128.1,29,324
Le Thillay,54,10400,42.0,146.8,27,325
Nozay,54,6000,47.0,119.5,35,327
Sonchamp,51,6600,47.0,128.1,39,328
Goussainville,53,4700,34.0,132.3,71,329
Brunoy,48,6300,38.0,139.0,66,330
Le Chesnay,39,8500,45.0,264.2,40,331
Clairefontaine En Yvelines,57,14400,31.0,210.3,13,332
Villeparisis,54,5800,40.0,124.9,47,333
Mareuil Les Meaux,58,9500,40.0,205.4,4,334
Courcouronnes,57,4600,47.0,108.3,26,335
La Genevraye,38,13900,52.0,192.6,19,336
Mery Sur Oise,37,6900,45.0,188.5,63,337
Sainte Genevieve Des Bois,48,4400,42.0,102.1,65,338
Ocquerre,32,18700,48.0,246.4,16,339
Le Bourget,47,6600,42.0,138.7,51,340
Villiers Le Bel,43,6400,43.0,114.0,65,341
Tremblay En France,48,6600,39.0,140.2,54,342
La Boissiere Ecole,35,17300,42.0,335.0,5,343
Milly La Foret,41,11100,51.0,151.0,25,344
Perigny,43,3300,52.0,79.4,58,345
Cormeilles En Parisis,46,6700,45.0,158.1,38,346
Fosses,48,6100,39.0,121.2,57,347
Breuillet,17,6300,38.0,599.6,49,348
Bezons,46,5600,44.0,138.9,47,349
Meulan En Yvelines,58,7700,44.0,139.6,3,350
Chevreuse,40,9500,39.0,164.4,57,351
Marnes La Coquette,30,10000,47.0,341.5,26,352
Maule,45,5900,47.0,159.6,34,353
Oncy Sur Ecole,50,10700,47.0,153.7,3,354
Orly,51,5100,39.0,102.9,50,355
Chevilly Larue,37,4800,46.0,128.9,69,356
Montigny Le Bretonneux,37,5900,46.0,202.6,48,357
Lisses,38,7200,64.0,108.9,15,358
Champigny Sur Marne,47,5300,43.0,136.7,42,359
Vigneux Sur Seine,43,4600,37.0,123.3,74,360
Villetaneuse,43,5600,37.0,143.4,65,361
Persan,66,4600,31.0,99.0,24,362
Ormoy La Riviere,57,11600,37.0,119.5,6,363
Saint Pierre Du Perray,53,7800,41.0,146.9,14,364
Gravon,12,27900,42.0,341.5,19,365
Le Coudray Montceaux,15,21100,56.0,327.8,1,366
Chanteloup Les Vignes,44,5800,45.0,111.3,42,367
Yerres,36,6000,43.0,148.2,62,368
Annet Sur Marne,32,10500,46.0,170.8,45,369
Epinay Sur Seine,44,5300,41.0,166.2,41,370
Saint Mard,27,14000,56.0,251.7,5,371
Villejust,41,9000,47.0,94.1,37,372
Garancieres,44,9300,42.0,270.6,2,373
Chaintreaux,24,27200,31.0,317.2,16,374
Herblay,50,4600,38.0,152.6,35,375
Roissy En France,32,7500,43.0,125.3,71,376
Marolles En Hurepoix,51,9000,40.0,172.6,5,377
Soisy Sous Montmorency,41,6400,44.0,188.2,30,378
Galluis,31,12200,48.0,255.2,15,379
Bullion,43,8400,38.0,181.1,33,380
Maisons Laffitte,39,5900,45.0,188.8,34,381
Triel Sur Seine,52,6300,32.0,151.0,35,382
Guyancourt,38,5000,45.0,181.4,41,383
Brou Sur Chantereine,35,6700,45.0,128.7,55,384
Videlles,50,19100,25.0,183.5,6,385
Moisson,31,16900,38.0,212.3,30,386
Dormelles,31,14800,42.0,264.0,16,387
Saint Leu La Foret,36,9900,42.0,220.9,27,388
Saint Prix,22,18900,43.0,344.6,8,389
Viroflay,39,6200,48.0,179.1,23,390
Morsang Sur Seine,0,31300,40.0,494.6,4,391
Conches Sur Gondoire,29,12200,39.0,207.5,47,392
Ormesson Sur Marne,36,6800,46.0,156.1,38,393
Jouarre,25,10900,41.0,156.4,68,394
Roissy En Brie,34,4800,45.0,113.1,61,395
Andresy,32,7000,43.0,168.9,52,396
Arnouville Les Mantes,18,17400,51.0,334.0,2,397
Villiers Sur Morin,26,10700,42.0,164.8,60,398
Luzarches,50,8000,36.0,196.7,7,399
Longpont Sur Orge,41,4200,44.0,111.9,44,400
Villecresnes,30,5400,47.0,123.3,62,401
Crespieres,24,14800,48.0,322.6,2,402
Gouvernes,21,15900,55.0,247.3,3,403
Argenteuil,37,5500,40.0,148.3,50,404
Chelles,34,6300,42.0,141.0,52,405
Neauphle Le Chateau,29,11700,42.0,347.6,4,406
Le Mesnil Le Roi,35,7800,48.0,245.3,5,407
Ecouen,45,6500,38.0,239.0,6,408
Mezy Sur Seine,34,13400,28.0,217.7,44,409
Fontenay Saint Pere,35,13600,40.0,146.9,25,410
Champagne Sur Seine,45,5600,43.0,93.8,26,411
Couilly Pont Aux Dames,33,9200,50.0,140.4,21,412
Vernou La Celle Sur Seine,28,18000,41.0,222.7,10,413
Saint Cyr L Ecole,28,6400,43.0,182.2,53,414
Rochefort En Yvelines,28,17900,35.0,306.9,3,415
L Etang La Ville,27,6400,43.0,236.5,40,416
Hericy,35,7300,45.0,158.3,24,417
Marles En Brie,6,23000,37.0,478.4,7,418
Saint Clair Sur Epte,65,4700,22.0,110.6,12,419
Saint Cheron,50,5800,38.0,105.8,13,420
Thomery,35,5900,48.0,128.8,26,421
Le Mesnil Saint Denis,37,7000,45.0,210.5,6,422
Feucherolles,6,15400,48.0,482.9,3,423
Deuil La Barre,30,6000,44.0,169.4,41,424
Saint Sauveur Sur Ecole,21,17100,42.0,235.2,20,425
Draveil,29,5200,43.0,130.6,57,426
Gournay Sur Marne,26,9800,47.0,213.4,22,427
Croissy Sur Seine,32,5700,44.0,268.3,14,428
Tournan En Brie,7,21900,51.0,308.8,5,429
Elancourt,30,4900,43.0,235.6,31,430
Maurecourt,45,6600,36.0,113.7,24,431
Lieusaint,29,6600,37.0,146.2,61,432
Arnouville,35,5900,42.0,137.2,35,433
Mauperthuis,42,6000,33.0,124.0,37,434
Saint Nom La Breteche,1,10600,40.0,680.2,6,435
Soisy Sur Seine,46,7600,27.0,260.8,4,436
Montigny Les Cormeilles,35,5300,49.0,172.3,4,437
Verrieres Le Buisson,28,9600,43.0,268.3,3,438
Ermont,32,5700,43.0,152.6,29,439
Touquin,44,8700,30.0,218.3,2,440
Bois D Arcy,25,4600,47.0,200.4,33,441
Marly Le Roi,22,8100,49.0,232.3,17,442
La Ferte Sous Jouarre,34,6100,34.0,148.5,44,443
Villeneuve La Garenne,25,5900,41.0,189.0,44,444
Taverny,35,5100,40.0,194.4,18,445
Thorigny Sur Marne,30,8700,42.0,184.4,17,446
La Grande Paroisse,42,8200,36.0,172.1,1,447
Recloses,18,18200,40.0,218.6,17,448
Buthiers,23,15500,35.0,265.4,13,449
Fontenay Tresigny,11,15300,50.0,204.0,24,450
Beauchery Saint Martin,0,16700,51.0,118.3,67,451
Montigny Sur Loing,34,10300,41.0,133.1,11,452
Montcourt Fromonville,18,13400,45.0,222.0,18,453
Vaucresson,14,9300,44.0,389.0,11,454
La Rochette,32,7600,43.0,100.0,27,455
Ferolles Attilly,32,8400,43.0,200.3,3,456
Montmagny,34,5700,36.0,186.6,25,457
La Ferte Gaucher,31,9100,41.0,110.0,25,458
Saint Germain Les Corbeil,45,5800,34.0,146.3,5,459
Saint Maur Des Fosses,19,6200,43.0,204.0,45,460
Lardy,30,6000,52.0,139.6,3,461
Bouleurs,23,14100,44.0,142.1,15,462
Jouars Pontchartrain,12,9700,45.0,393.6,7,463
Champagne Sur Oise,35,7400,38.0,123.4,21,464
Pontcarre,27,4300,44.0,85.2,48,465
Bry Sur Marne,22,6700,44.0,229.3,23,466
La Ferte Alais,43,7000,36.0,109.3,5,467
Dammartin En Goele,38,6300,35.0,140.2,18,468
Ballancourt Sur Essonne,22,10000,44.0,116.5,34,469
La Frette Sur Seine,30,5800,46.0,150.8,12,470
Le Port Marly,37,6600,34.0,178.0,13,471
Vemars,20,8300,52.0,135.3,20,472
Neufmoutiers En Brie,25,12300,41.0,149.7,15,473
Trappes,23,4200,41.0,143.1,49,474
Lesches,24,6400,47.0,230.0,5,475
Domont,27,5800,39.0,136.7,38,476
Viarmes,3,23500,45.0,261.9,5,477
Guermantes,0,11800,44.0,139.3,82,478
Coutevroult,24,11900,40.0,132.1,22,479
Vaux Sur Seine,20,8100,54.0,152.4,7,480
Vaires Sur Marne,16,7100,44.0,267.4,23,481
Boissy Saint Leger,26,6900,39.0,142.0,33,482
Bazainville,33,10200,25.0,296.8,3,483
Montesson,36,4700,35.0,230.4,2,484
Chalo Saint Mars,9,16300,32.0,407.6,11,485
Grosrouvre,7,16900,46.0,300.3,2,486
Margency,30,4700,40.0,244.9,3,487
Marines,10,17200,47.0,241.5,1,488
Mortcerf,17,12100,48.0,136.5,17,489
Bruyeres Sur Oise,26,5300,52.0,50.9,22,490
Pomponne,18,9700,42.0,207.5,22,491
Bussy Saint Martin,0,14600,44.0,288.1,35,492
Coignieres,22,7300,45.0,216.8,8,493
Noisy Le Roi,1,10800,46.0,465.5,2,494
La Verriere,12,4000,53.0,121.1,48,495
Bennecourt,29,10400,37.0,167.3,6,496
Paley,30,11000,33.0,166.1,11,497
Gometz Le Chatel,28,3900,52.0,85.0,10,498
Chateaufort,3,10300,46.0,407.4,7,499
Les Ulis,31,3300,39.0,98.1,30,500
Rocquencourt,23,6800,44.0,189.5,8,501
Orgeval,11,9200,36.0,316.2,28,502
Eaubonne,18,5000,41.0,213.3,30,503
Aulnoy,11,14400,42.0,194.7,19,504
Coubron,18,11000,42.0,157.7,18,505
Bourron Marlotte,26,9100,32.0,157.9,26,506
Villebon Sur Yvette,24,5400,47.0,150.4,8,507
Montge En Goele,24,9800,44.0,128.8,4,508
Thoiry,17,14700,28.0,350.1,1,509
Champcueil,20,8500,39.0,262.0,3,510
Bonneuil Sur Marne,27,4700,45.0,127.5,8,511
Bourdonne,0,11900,40.0,450.9,2,512
Gambais,10,11600,37.0,289.8,14,513
Saint Hilarion,32,2100,42.0,64.4,16,514
Medan,3,12500,45.0,299.7,8,515
Auffargis,26,7500,37.0,182.1,2,516
Chateau Landon,7,14900,35.0,243.2,24,517
Mantes La Ville,16,3900,43.0,79.9,50,518
Bougival,10,7000,41.0,288.8,17,519
Lommoye,11,15200,31.0,298.8,8,520
Houdan,23,8500,33.0,135.6,24,521
Pontault Combault,18,7800,40.0,132.2,24,522
Vert Saint Denis,20,9500,39.0,123.3,16,523
Saint Thibault Des Vignes,10,10800,43.0,191.5,16,524
Eragny,19,3100,41.0,91.5,42,525
Janvry,0,10400,56.0,141.2,24,526
Louveciennes,6,6600,43.0,327.1,13,527
Morsang Sur Orge,15,3800,37.0,92.8,60,528
Aincourt,19,7800,29.0,289.6,12,529
Courtry,30,3900,38.0,145.0,1,530
Fourqueux,15,3300,47.0,217.6,9,531
Paray Vieille Poste,15,6500,40.0,150.8,29,532
Voisins Le Bretonneux,8,5100,49.0,265.9,7,533
Messy,0,12100,40.0,377.8,5,534
Sammeron,25,6300,40.0,73.5,15,535
Maurepas,14,7200,42.0,222.2,7,536
Verneuil Sur Seine,14,4900,45.0,163.4,19,537
Marly La Ville,17,6200,37.0,147.9,29,538
Dugny,11,5300,37.0,203.2,37,539
Saulx Marchais,0,8800,39.0,383.7,13,540
Villeneuve Saint Georges,18,3400,39.0,99.4,38,541
Dampierre En Yvelines,2,6300,48.0,326.1,2,542
Le Plessis Trevise,14,5000,38.0,237.9,14,543
Ezanville,9,6200,42.0,178.4,26,544
Gretz Armainvilliers,19,5400,45.0,87.1,11,545
Montlignon,16,5200,40.0,219.5,5,546
Gommecourt,17,10200,31.0,185.6,14,547
Ablon Sur Seine,18,3100,41.0,83.3,32,548
Saint Ouen L Aumone,16,4800,40.0,109.2,29,549
Conde Sainte Libiaire,5,10700,42.0,195.6,16,550
Evecquemont,6,8500,35.0,350.7,5,551
Chambourcy,10,4100,45.0,226.8,9,552
Combs La Ville,13,3300,43.0,102.0,34,553
Montfermeil,15,4800,35.0,130.0,37,554
Aubergenville,15,2400,34.0,108.6,50,555
Faremoutiers,15,6500,40.0,125.6,16,556
Presles En Brie,7,11800,35.0,268.6,3,557
Villiers Le Bacle,12,13300,31.0,228.5,1,558
Grisy Suisnes,0,11500,37.0,324.0,7,559
Chatres,19,6600,36.0,127.3,12,560
Maisse,7,16700,29.0,223.5,8,561
Beauchamp,9,3000,52.0,97.3,18,562
La Ville Du Bois,13,6600,38.0,142.9,19,563
Igny,8,5100,45.0,223.0,4,564
Saacy Sur Marne,21,4400,40.0,112.4,4,565
Jossigny,6,6700,44.0,116.7,29,566
Valenton,16,3900,39.0,98.6,25,567
Meriel,7,3700,52.0,155.9,7,568
Maffliers,5,10800,37.0,274.0,1,569
Fontaine Le Port,0,9300,51.0,117.3,17,570
Rosny Sur Seine,19,4900,37.0,86.8,18,571
Vulaines Sur Seine,6,8800,43.0,182.4,5,572
Presles,9,7800,35.0,91.3,38,573
Courdimanche,10,4600,44.0,130.6,14,574
Montmorency,3,5500,38.0,246.6,21,575
Ris Orangis,6,6200,45.0,137.2,15,576
Orgerus,8,8900,37.0,218.2,2,577
Saint Witz,11,5800,34.0,168.0,22,578
Villeconin,0,15100,36.0,231.7,3,579
Etrechy,5,6900,48.0,143.7,5,580
Clichy Sous Bois,11,6300,37.0,137.1,18,581
Toussus Le Noble,0,8900,43.0,246.7,3,582
Briis Sous Forges,12,5400,43.0,143.7,1,583
Mandres Les Roses,12,7000,35.0,207.3,2,584
Saint Brice Sous Foret,3,8400,37.0,283.2,2,585
Le Val Saint Germain,10,6600,29.0,310.6,1,586
Beaumont Sur Oise,12,4400,36.0,134.0,21,587
Bonnieres Sur Seine,10,4700,37.0,130.6,22,588
Varennes Jarcy,4,12100,37.0,140.3,11,589
Ecquevilly,8,4800,44.0,124.7,10,590
Morainvilliers,1,5000,40.0,308.3,1,591
Saint Germain De La Grange,0,6200,39.0,179.6,29,592
Saintry Sur Seine,13,4900,33.0,141.3,18,593
Jouy Le Moutier,16,4400,37.0,133.8,2,594
Vaujours,6,5100,43.0,133.0,12,595
Levis Saint Nom,2,4400,46.0,186.9,7,596
Ballainvilliers,5,4600,46.0,136.1,8,597
Cesson,3,5200,52.0,96.8,5,598
Chenou,3,15300,24.0,268.7,1,599
Sainte Genevieve Les Gasny,20,2700,35.0,79.2,7,600
Saint Cyr Sur Morin,1,7900,37.0,213.8,11,601
Treuzy Levelay,4,15200,21.0,283.2,2,602
Pierrelaye,10,4800,36.0,193.2,1,603
Hardricourt,0,6600,40.0,243.8,3,604
Villevaude,3,10000,32.0,234.8,4,605
Hargeville,4,7000,33.0,249.1,5,606
Saint Jean Les Deux Jumeaux,13,5400,32.0,169.7,3,607
Vetheuil,8,7000,30.0,222.7,4,608
Villeneuve Sur Bellot,26,2600,17.0,212.3,1,609
Bouafle,2,5300,38.0,216.9,7,610
Saint Germain Les Arpajon,5,5000,39.0,175.1,2,611
Villiers Saint Frederic,3,3200,40.0,210.6,3,612
Grigny,15,3100,33.0,90.2,11,613
Seine Port,2,7400,35.0,213.9,3,614
Nargis,2,10400,26.0,281.0,1,615
Andilly,0,2100,47.0,194.6,0,616
Boissy Le Chatel,2,5400,41.0,152.3,4,617
Villeron,5,5500,39.0,125.2,3,618
Vernouillet,3,4100,38.0,169.0,7,619
Montsoult,1,3900,42.0,158.7,5,620
Fleury Merogis,12,2600,37.0,82.3,5,621
Jouy Sur Morin,1,6600,37.0,163.4,5,622
Puiseux En France,1,2600,42.0,157.6,7,623
Boussy Saint Antoine,3,3400,42.0,110.8,8,624
Angerville,8,5400,30.0,171.4,3,625
Juziers,5,2600,30.0,99.1,36,626
Saint Loup De Naud,10,7800,19.0,183.4,13,627
Bessancourt,1,3100,38.0,194.6,5,628
Marolles En Brie,0,3600,33.0,240.5,8,629
Bagneaux Sur Loing,10,7000,29.0,105.0,5,630
Lizy Sur Ourcq,10,3000,30.0,115.2,12,631
Survilliers,3,5500,28.0,168.5,15,632
Vert Le Petit,0,3500,47.0,86.4,0,633
Ablis,2,6200,40.0,82.1,2,634
Crosne,1,3900,40.0,119.2,5,635
Saint Pathus,5,3200,36.0,122.1,3,636
Quincy Sous Senart,4,2000,41.0,74.9,7,637
Le Perray En Yvelines,0,4100,36.0,165.8,3,638
Santeny,4,3900,28.0,192.8,6,639
Boissy Sans Avoir,12,3100,25.0,137.4,4,640
Boutigny Sur Essonne,1,4000,38.0,99.3,6,641
Nangis,1,2500,35.0,80.6,22,642
Bray Sur Seine,7,6300,26.0,120.7,3,643
Porcheville,6,1500,33.0,119.5,5,644
Egly,1,3600,33.0,110.6,14,645
Epinay Sous Senart,2,2700,33.0,104.5,11,646
Bonneuil En France,6,3700,19.0,216.1,3,647
Limay,4,2500,30.0,87.1,9,648
Nandy,5,2200,24.0,102.4,8,649
Sancy,0,2100,14.0,123.2,0,650
